{
  "project_info": {
    "project_number": "343662628677",
    "firebase_url": "https://bestdeals2-25493.firebaseio.com",
    "project_id": "bestdeals2-25493",
    "storage_bucket": "bestdeals2-25493.appspot.com"
  },
  "client": [
    {
      "client_info": {
        "mobilesdk_app_id": "1:343662628677:android:d3803c0d643080c8",
        "android_client_info": {
          "package_name": "com.example.priya.bestdeals"
        }
      },
      "oauth_client": [
        {
          "client_id": "343662628677-lgc7gpnptimvttaektt3gh5o60poh0fq.apps.googleusercontent.com",
          "client_type": 1,
          "android_info": {
            "package_name": "com.example.priya.bestdeals",
            "certificate_hash": "344ba530c770bad08dbbeda93fd92f807cdbb2c4"
          }
        },
        {
          "client_id": "343662628677-n364r0v66kjlelbd8kg0ueavdgv0n73e.apps.googleusercontent.com",
          "client_type": 1,
          "android_info": {
            "package_name": "com.example.priya.bestdeals",
            "certificate_hash": "0c697584942ca0772b706dc317dc5908b69099e2"
          }
        },
        {
          "client_id": "343662628677-dvajtebim2glc9ca8lt5sf05b80dp0of.apps.googleusercontent.com",
          "client_type": 3
        },
        {
          "client_id": "343662628677-9bhqokpte30ad41a3768aabksge2imod.apps.googleusercontent.com",
          "client_type": 1,
          "android_info": {
            "package_name": "com.example.priya.bestdeals",
            "certificate_hash": "8eb5fddcca415a2a5a0cda2b69b1318956d4534c"
          }
        }
      ],
      "api_key": [
        {
          "current_key": "AIzaSyBF6S0sfk1LOOaOZTeZoOm9wRQQwRzJZTQ"
        }
      ],
      "services": {
        "analytics_service": {
          "status": 1
        },
        "appinvite_service": {
          "status": 2,
          "other_platform_oauth_client": [
            {
              "client_id": "343662628677-dvajtebim2glc9ca8lt5sf05b80dp0of.apps.googleusercontent.com",
              "client_type": 3
            }
          ]
        },
        "ads_service": {
          "status": 2
        }
      }
    },
    {
      "client_info": {
        "mobilesdk_app_id": "1:343662628677:android:d3b34827165470bb",
        "android_client_info": {
          "package_name": "com.Deals.Offers.FreePromos"
        }
      },
      "oauth_client": [
        {
          "client_id": "343662628677-9937ov8m0a6752ais6k9b2hcjtn437ut.apps.googleusercontent.com",
          "client_type": 1,
          "android_info": {
            "package_name": "com.Deals.Offers.FreePromos",
            "certificate_hash": "8eb5fddcca415a2a5a0cda2b69b1318956d4534c"
          }
        },
        {
          "client_id": "343662628677-mc7dug98e47c519qcrbec28mebblij15.apps.googleusercontent.com",
          "client_type": 1,
          "android_info": {
            "package_name": "com.Deals.Offers.FreePromos",
            "certificate_hash": "0c697584942ca0772b706dc317dc5908b69099e2"
          }
        },
        {
          "client_id": "343662628677-dvajtebim2glc9ca8lt5sf05b80dp0of.apps.googleusercontent.com",
          "client_type": 3
        }
      ],
      "api_key": [
        {
          "current_key": "AIzaSyBF6S0sfk1LOOaOZTeZoOm9wRQQwRzJZTQ"
        }
      ],
      "services": {
        "analytics_service": {
          "status": 1
        },
        "appinvite_service": {
          "status": 2,
          "other_platform_oauth_client": [
            {
              "client_id": "343662628677-dvajtebim2glc9ca8lt5sf05b80dp0of.apps.googleusercontent.com",
              "client_type": 3
            }
          ]
        },
        "ads_service": {
          "status": 2
        }
      }
    }
  ],
  "configuration_version": "1"
}